definition,contact_class,cases,uninfected,total_contacts
class7_handled_corpse,high_risk,52,50,102
class7_handled_corpse,non_high_risk,299,715,1014
class7_handled_corpse,total,351,765,1116
class6to7_body_fluid_and_above,high_risk,128,144,272
class6to7_body_fluid_and_above,non_high_risk,223,621,844
class6to7_body_fluid_and_above,total,351,765,1116
class5to7_nursing_and_above,high_risk,295,397,692
class5to7_nursing_and_above,non_high_risk,56,368,424
class5to7_nursing_and_above,total,351,765,1116
class4to7_direct_physical_contact_and_above,high_risk,321,537,858
class4to7_direct_physical_contact_and_above,non_high_risk,30,228,258
class4to7_direct_physical_contact_and_above,total,351,765,1116
class3to7_fomites_and_above,high_risk,323,560,883
class3to7_fomites_and_above,non_high_risk,28,205,233
class3to7_fomites_and_above,total,351,765,1116
class2to7_indirect_contact_and_above,high_risk,339,643,982
class2to7_indirect_contact_and_above,non_high_risk,12,122,134
class2to7_indirect_contact_and_above,total,351,765,1116
class1to7_any_possible_contact,high_risk,351,765,1116
class1to7_any_possible_contact,total,351,765,1116
