"first_author","year_publication","doi","location","country","year","household","definition_contact","definition_contact_me","include","imputed","notes"
"Bower",2016,"10.1371/journal.pntd.0004622","Kerry Town","Sierra Leone","2015","1","Breastfed by mother with EVD","Breastfed by EVD mother",TRUE,FALSE,"Only contacts with known mother-child pair, including if the mother died"
"Bower",2016,"10.1371/journal.pntd.0004622","Kerry Town","Sierra Leone","2015","1","Other direct wet contact AND mother with EVD","Direct wet contact",TRUE,FALSE,"Only contacts with known mother-child pair, including if the mother died"
"Bower",2016,"10.1371/journal.pntd.0004622","Kerry Town","Sierra Leone","2015","1","Direct dry contact AND mother with EVD","Direct dry contact",TRUE,FALSE,"Only contacts with known mother-child pair, including if the mother died"
"Bower",2016,"10.1371/journal.pntd.0004622","Kerry Town","Sierra Leone","2015","1","Indirect wet contact AND mother with EVD","Indirect wet contact",TRUE,FALSE,"Only contacts with known mother-child pair, including if the mother died"
"Bower",2016,"10.1371/journal.pntd.0004622","Kerry Town","Sierra Leone","2015","1","Indirect dry contact AND mother with EVD","Indirect dry contact",TRUE,FALSE,"Only contacts with known mother-child pair, including if the mother died"
"Bower",2016,"10.1371/journal.pntd.0004622","Kerry Town","Sierra Leone","2015","1","Minimal contact AND mother with EVD","Minimal contact",TRUE,FALSE,"Only contacts with known mother-child pair, including if the mother died"
"Mulongo",2025,"10.1186/s12889-025-24739-0","Mubende and Kassanda","Uganda","2022","0","Contact not in categories below","Low risk non-household",TRUE,FALSE,"Total contacts = total with known risk stratification"
"Mulongo",2025,"10.1186/s12889-025-24739-0","Mubende and Kassanda","Uganda","2022","1","Slept in household with index case","Household contact and no higher risk",TRUE,FALSE,"Total contacts = total with known risk stratification"
"Mulongo",2025,"10.1186/s12889-025-24739-0","Mubende and Kassanda","Uganda","2022","both","Direct physical contact with index (dead or alive) OR touching their bed linens OR body fluid contact OR contact with a dead/sick animal","Direct physical contact with index (dead or alive) OR touching their bed linens OR body fluid contact OR contact with a dead/sick animal",TRUE,FALSE,"Total contacts = total with known risk stratification"
"Swanson",2018,"10.1371/journal.pntd.0006762.t003","6 counties","Liberia","2014-15","both","Touched bodily fluids","Touched bodily fluids",TRUE,FALSE,"Used all outcomes including those who didn't finish contact tracing"
"Swanson",2018,"10.1371/journal.pntd.0006762.t003","6 counties","Liberia","2014-15","both","Direct physical contact with body and no contact with bodily fluids","Direct physical contact NO body fluids",TRUE,FALSE,"Used all outcomes including those who didn't finish contact tracing"
"Timothy",2019,"10.1016/ S1473-3099(18)30791-6","Meliandou","Guinea","2017","1","Level 1: contact with an EVD corpse","Handled corpse",TRUE,FALSE,"Spillover location - data from Table 3"
"Timothy",2019,"10.1016/ S1473-3099(18)30791-6","Meliandou","Guinea","2017","1","Level 2: Direct contact with EVD cases of their bodily fluids","Direct contact with bodily fluids",TRUE,FALSE,"Spillover location - data from Table 3"
"Timothy",2019,"10.1016/ S1473-3099(18)30791-6","Meliandou","Guinea","2017","1","Level 3: shared household with or cared for EVD case without direct contact","Shared household or provided care NO direct contact",TRUE,FALSE,"Spillover location - data from Table 3"
"Timothy",2019,"10.1016/ S1473-3099(18)30791-6","Meliandou","Guinea","2017","1","Level 4: Interaction with EVD cases without contact","Interaction NO direct contact",TRUE,FALSE,"Spillover location - data from Table 3"
"Tshiani Mbaya",2026,"10.1093/ofid/ofag397","Likati","DRC","2017","both","Low: no physical contact or contact before severe symptoms","NO direct physical contact",TRUE,FALSE,"Outbreak of only 8 cases. No contacts identified as case-contacts at time of outbreak. Using IgG alongside interviews to determine symptomatic"
"Tshiani Mbaya",2026,"10.1093/ofid/ofag397","Likati","DRC","2017","both","Medium: touching a symptomatic acute EVD case","Direct physical contact with body",TRUE,FALSE,"Outbreak of only 8 cases. No contacts identified as case-contacts at time of outbreak. Using IgG alongside interviews to determine symptomatic"
"Tshiani Mbaya",2026,"10.1093/ofid/ofag397","Likati","DRC","2017","both","High: carrying or embracing an acutely ill or deceased EVD case or contact with body fluids or waste","Carrying or embracing severely ill EVD patient OR handling corpse OR contact with body fluids",TRUE,FALSE,"Outbreak of only 8 cases. No contacts identified as case-contacts at time of outbreak. Using IgG alongside interviews to determine symptomatic"
"Baron",1983,"PMC2536233","Nzara; Yambio","Sudan (now South Sudan)","1979","1","not direct contact","not direct contact",TRUE,FALSE,NA
"Baron",1983,"PMC2536233","Nzara; Yambio","Sudan (now South Sudan)","1979","1","direct contact + nursing care","nursing care AND direct contact",TRUE,FALSE,"nursing, which includes handling emesis, excreta, and soiled clothing."
"Baron",1983,"PMC2536233","Nzara; Yambio","Sudan (now South Sudan)","1979","1","direct contact but NO nursing care","direct contact but NO nursing care",TRUE,FALSE,"nursing, which includes handling emesis, excreta, and soiled clothing."
"Henao-Restrepo",2017,"10.1016/ S0140-6736(16)32621-6","Basse-Guinée","Guinea","2015-2016","NA","High-risk contacts","Close contact including body, body fluids, linens etc.",TRUE,FALSE,"body fluid contact includes fomites"
"Henao-Restrepo",2017,"10.1016/ S0140-6736(16)32621-6","Basse-Guinée","Guinea","2015-2016","NA","Non-high-risk contacts","Not high risk (contact definition below)",TRUE,FALSE,NA
"Jezek",1999,"10.1086/514293","Sud-Ubangi","DRC","1981-1983","NA","Provided care","Household or non-household contact who DID provide care",TRUE,FALSE,NA
"Jezek",1999,"10.1086/514293","Sud-Ubangi","DRC","1981-1983","0","Did not provide care, only visited the case","Non-household contact who DID NOT provide care",TRUE,FALSE,NA
"Jezek",1999,"10.1086/514293","Sud-Ubangi","DRC","1981-1983","1","Household member who did not provide care","Household contact who did NOT provide care",TRUE,TRUE,"Inferred from the information in the text"
"Reichler",2018,"10.1093/infdis/jiy204","Freetown","Sierra Leone","2014-2015","1","Minimal/indirect contact and did NOT share the same toilet (proxy for fomites)","Minimal/indirect contact",TRUE,TRUE,NA
"Reichler",2018,"10.1093/infdis/jiy204","Freetown","Sierra Leone","2014-2015","1","Shared a bathroom but did not have physical contact or higher exposures","Fomites ONLY",TRUE,TRUE,"Shares toilet is proxy for fomites. Enforced assumed hierarchy on exposure to infer each risk category separately"
"Reichler",2018,"10.1093/infdis/jiy204","Freetown","Sierra Leone","2014-2015","1","Direct physical contact with case but did NOT provide care NOR have contact with body fluids","Direct physical contact with NO nursing care and NO body fluid contact",TRUE,TRUE,"Enforced assumed hierarchy on exposure to infer each risk category separately"
"Reichler",2018,"10.1093/infdis/jiy204","Freetown","Sierra Leone","2014-2015","1","Provided care with NO body fluid exposure","Nursing care NO body fluid contact",TRUE,TRUE,"Enforced assumed hierarchy on exposure to infer each risk category separately"
"Reichler",2018,"10.1093/infdis/jiy204","Freetown","Sierra Leone","2014-2015","1","Body fluid exposure -- includes those who did and did not provide nursing care to index case","Body fluid contact including those who did and did not provide nursing care",TRUE,TRUE,"Enforced assumed hierarchy on exposure to infer each risk category separately"
"Francesconi",2003,"10.3201/eid0911.030339","Gulu District","Uganda","2000-2001",NA,"Contact as above but did NOT share hut or mat","Handled corpse",TRUE,TRUE,"Inferred from the information in the text and figure caption"
"Francesconi",2003,"10.3201/eid0911.030339","Gulu District","Uganda","2000-2001",NA,"Contact as above but did NOT share hut or mat","Body fluid contact including those who did and did not provide nursing care",TRUE,TRUE,"Inferred from the information in the text and figure caption"
"Francesconi",2003,"10.3201/eid0911.030339","Gulu District","Uganda","2000-2001",NA,"Contact as above but did NOT share hut or mat","Nursing care NO body fluid contact",TRUE,TRUE,"Inferred from the information in the text and figure caption"
"Francesconi",2003,"10.3201/eid0911.030339","Gulu District","Uganda","2000-2001",NA,"Contact as above but did NOT share hut or mat","direct contact but NO nursing care",TRUE,TRUE,"Inferred from the information in the text and figure caption"
"Francesconi",2003,"10.3201/eid0911.030339","Gulu District","Uganda","2000-2001",NA,"Contact as above but did NOT share hut or mat","Indirect OR fomites",TRUE,TRUE,"Inferred from the information in the text and figure caption"
"Reaves",2014,"PMC5779472","Firestone District","Liberia","2014","NA","High-risk exposure identified as a percutaneous or mucous membrane exposure to, or direct skin contact with blood or body fluids of an Ebola patient or a corpse in Liberia without appropriate PPE","Direct contact with fluids or patient, including handling corpse",TRUE,FALSE,"Dean et al. assumed this was equivalent to providing nursing care (by their definition)"
"Reaves",2014,"PMC5779472","Firestone District","Liberia","2014","NA","Low-risk exposure defined as a household contact that did not involve providing care to an Ebola patient or having close contact with an Ebola patient in healthcare facilities or in the community that was not otherwise characterised as a high-risk exposure","Non-high risk exposure as defined above",TRUE,FALSE,NA
"Dowell",1999,"10.1086/514284","Kikwit","DRC","1995",NA,"Had direct physical contact","Had direct physical contact",TRUE,FALSE,NA
"Dowell",1999,"10.1086/514284","Kikwit","DRC","1995",NA,"Did NOT have direct physical contact","Did NOT have direct physical contact",TRUE,FALSE,"This includes fomite contact"
"Bower",2016,"10.3201/eid2208.160163","Kerry Town","Sierra Leone","2015","1","Handled corpse","Handled corpse",TRUE,FALSE,NA
"Bower",2016,"10.3201/eid2208.160163","Kerry Town","Sierra Leone","2015","1","Handled fluids","Handled fluids",TRUE,FALSE,NA
"Bower",2016,"10.3201/eid2208.160163","Kerry Town","Sierra Leone","2015","1","Direct wet contact","Direct wet contact",TRUE,FALSE,NA
"Bower",2016,"10.3201/eid2208.160163","Kerry Town","Sierra Leone","2015","1","Direct dry contact","Direct dry contact",TRUE,FALSE,NA
"Bower",2016,"10.3201/eid2208.160163","Kerry Town","Sierra Leone","2015","1","Indirect wet contact","Indirect wet contact",TRUE,FALSE,NA
"Bower",2016,"10.3201/eid2208.160163","Kerry Town","Sierra Leone","2015","1","Indirect dry contact","Indirect dry contact",TRUE,FALSE,NA
"Bower",2016,"10.3201/eid2208.160163","Kerry Town","Sierra Leone","2015","1","Minimal/no contact","Minimal/no contact",TRUE,FALSE,NA
